{
    "avg_prec": {
        "train": 0.9868134383711459,
        "test": 0.9440914197432375
    },
    "roc_auc": {
        "train": 0.9938980613612965,
        "test": 0.9623626870447052
    }
}