{
    "avg_prec": {
        "train": 0.9555308232614375,
        "test": 0.8997295045041096
    },
    "roc_auc": {
        "train": 0.9766221659604013,
        "test": 0.9323752532957428
    }
}