{
    "avg_prec": {
        "train": 0.9850419773417132,
        "test": 0.940171807358708
    },
    "roc_auc": {
        "train": 0.9928696371711078,
        "test": 0.9594216742326935
    }
}